{
    "Baseline": {
        "RMSE": 2.1479900805493988,
        "Precision@10": 0.013580246913580249,
        "Recall@10": 0.07407407407407407,
        "NDCG@10": 0.038940847897623136
    },
    "Cleaned": {
        "RMSE": 2.1479900805493988,
        "Precision@10": 0.013580246913580249,
        "Recall@10": 0.07407407407407407,
        "NDCG@10": 0.038940847897623136
    },
    "n_suspicious_users": 194
}